id,url,domain,network,extend,regex1,regex2,regex3,regex4,regex5,virustotal,isaffi
1,https://www.google.com/?hl=ja,0,0,1,0,0,0,0,1,1,0
2,https://www.youtube.com/,0,0,1,0,0,0,0,1,0,0
3,https://www.oit.ac.jp/,0,0,0,0,0,0,0,1,0,0
4,https://qiita.com/,0,0,0,1,1,0,1,1,0,0
5,https://piyolog.hatenadiary.jp/,0,0,0,0,1,0,1,1,0,0
6,http://kaitei.net/,0,0,0,0,0,0,0,0,0,0
7,https://www.jnsa.org/,0,0,0,0,0,0,0,1,0,0
8,https://dev.classmethod.jp/,0,0,0,0,0,0,1,1,0,0
9,http://www1.odn.ne.jp/megukuma/index.htm,0,0,0,0,0,0,0,0,0,0
10,https://s-kita.hatenablog.com/,0,0,0,0,1,0,1,1,0,0
11,https://www.keicode.com/,0,0,0,0,0,0,0,0,0,0
12,https://jpn.nec.com/cybersecurity/blog/index.html?,0,0,0,0,0,0,0,0,0,0
13,https://nekose9.hatenablog.com/,0,0,0,0,1,0,1,1,0,0
14,https://tsalvia.hatenablog.com/,0,0,0,1,1,0,0,1,0,0
15,https://iconcreator.hatenablog.com/archive,0,0,0,0,1,0,1,1,0,0
16,https://soji256.hatenablog.jp/,0,0,0,0,1,0,1,1,0,0
17,https://mebee.info/,0,0,0,0,0,0,1,1,0,0
18,https://www.opensourcetech.tokyo/,1,0,0,0,1,0,1,1,0,0
19,http://exlight.net/index.html,0,0,0,0,0,0,0,0,0,0
20,https://www.yahoo.co.jp/,0,0,0,0,0,0,1,1,0,0
21,https://duckduckgo.com/,0,0,0,0,0,0,0,1,0,0
22,https://www.bing.com/?cc=jp,0,0,0,0,0,0,0,1,0,0
23,https://atmarkit.itmedia.co.jp/,0,0,1,0,0,0,0,1,0,0
24,https://pc.watch.impress.co.jp/,0,0,0,0,0,0,1,1,0,0
25,https://www.watch.impress.co.jp/,0,0,0,0,0,0,1,1,0,0
26,https://internet.watch.impress.co.jp/,0,0,0,0,1,0,1,1,1,0
27,https://dc.watch.impress.co.jp/,0,0,0,1,0,0,1,1,0,0
28,https://akiba-pc.watch.impress.co.jp/,0,0,0,0,1,0,1,1,0,0
29,https://av.watch.impress.co.jp/,0,0,0,0,1,0,1,1,1,0
30,https://kaden.watch.impress.co.jp/,0,0,0,1,1,0,1,1,1,0
31,https://k-tai.watch.impress.co.jp/,0,0,0,0,0,0,1,1,0,0
32,https://cloud.watch.impress.co.jp/,0,0,0,0,0,0,1,1,0,0
33,https://video.watch.impress.co.jp/,0,0,0,0,0,0,1,1,0,0
34,https://forest.watch.impress.co.jp/,0,0,0,0,1,0,1,1,0,0
35,https://edu.watch.impress.co.jp/,0,0,0,0,1,0,1,1,0,0
36,https://car.watch.impress.co.jp/,0,0,0,0,0,0,1,1,0,0
37,https://travel.watch.impress.co.jp/,0,0,0,1,1,0,0,1,0,0
38,https://gourmet.watch.impress.co.jp/,0,0,0,0,0,0,1,1,0,0
39,https://game.watch.impress.co.jp/,0,0,0,0,0,0,1,1,0,0
40,https://hobby.watch.impress.co.jp/,0,0,0,0,0,0,0,1,0,0
41,https://kaden.watch.impress.co.jp/summary/e-bike/,0,0,0,1,0,0,1,1,1,0
42,https://github.blog/jp/,0,0,0,0,0,0,1,1,0,0
43,https://jpn.nec.com/,0,0,0,0,0,0,0,1,0,0
44,https://techblog.zozo.com/,0,0,0,0,1,0,1,1,0,0
45,https://docs.microsoft.com/ja-jp/,0,0,0,0,0,0,0,1,0,0
46,https://codezine.jp/,0,0,1,0,0,0,1,1,0,0
47,https://binarygenes.com/,0,0,0,0,0,0,0,1,0,0
48,https://www.mbsd.jp/,0,0,0,0,0,0,0,1,0,0
49,https://snoozy.hatenablog.com/,0,0,1,0,0,0,1,1,0,0
50,https://kira000.hatenadiary.jp/,0,0,0,0,1,0,0,1,0,0
51,https://www.nict.go.jp/,0,0,0,0,0,0,0,1,0,0
52,https://developers.kddi.com/blog,0,0,0,0,0,0,0,1,0,0
53,https://engineers.ntt.com/,0,0,0,0,0,1,1,1,0,0
54,https://www.softbanktech.co.jp/special/blog/,0,0,0,0,0,0,1,1,0,0
55,https://www.trendmicro.com/ja_jp/research.html?_ga=2.117411526.1149940008.1662521870-628544648.1662521870,0,0,0,0,0,1,0,1,0,0
56,https://xtech.nikkei.com/,0,0,1,0,1,0,1,1,0,0
57,https://www.ipa.go.jp/,0,0,0,0,0,0,0,1,1,0
58,https://time-space.kddi.com/,0,0,0,0,0,0,1,1,0,0
59,https://techlife.cookpad.com/,0,0,1,0,1,0,1,1,0,0
60,https://paiza.hatenablog.com/,0,0,0,1,1,0,1,1,0,0
61,https://creators.bengo4.com/,0,0,0,1,1,0,1,1,0,0
62,https://creators-note.chatwork.com/,0,0,0,0,0,0,1,1,0,0
63,https://developers.cyberagent.co.jp/blog/,0,0,0,0,0,0,0,1,0,0
64,https://system.blog.uuum.jp/,0,0,0,1,1,0,1,1,0,0
65,https://techblog.sega.jp/,0,0,0,1,1,0,0,1,0,0
66,https://engineer.recruit-lifestyle.co.jp/techblog/,0,0,0,0,0,0,0,1,0,0
67,https://engineer.blog.lancers.jp/,0,0,0,0,1,0,1,1,0,0
68,http://www.uqwimax.jp/,0,0,0,0,0,0,0,1,0,0
69,https://www.daido-life.co.jp/,0,0,0,0,0,0,1,1,0,0
70,https://www.subaru.jp/,0,0,0,1,1,0,1,1,0,0
71,https://www.au.com/,0,0,0,0,1,0,0,1,0,0
72,https://www.nipponham.co.jp/,0,0,0,0,0,0,0,0,0,0
73,https://www.family.co.jp/,0,0,0,0,0,0,0,1,0,0
74,https://www.kirin.co.jp/,0,0,0,0,0,0,0,1,0,0
75,https://www.bridgestone.co.jp/,0,0,0,0,0,0,0,1,0,0
76,https://www.jp.nikon.com/,0,0,0,0,0,0,0,1,0,0
77,https://www.itochu.co.jp/ja/,0,0,1,0,0,0,0,1,0,0
78,https://www.mitsui.com/jp/ja/index.html,0,0,0,0,0,0,0,1,0,0
79,https://www.suntory.co.jp/,0,0,0,0,0,0,0,1,0,0
80,https://www.jti.co.jp/,0,0,0,0,0,0,0,0,0,0
81,https://www.ms-ins.com/,0,0,0,0,0,0,0,1,0,0
82,https://www.asahibeer.co.jp/,0,0,0,0,0,0,0,1,0,0
83,https://www.docomo.ne.jp/,0,0,0,0,0,0,1,1,0,0
84,https://www.olympus.co.jp/,0,0,0,0,0,0,0,0,0,0
85,https://www.lixil.co.jp/,0,0,0,0,0,0,0,1,0,0
86,https://www.ajinomoto.co.jp/,0,0,1,0,0,0,0,1,0,0
87,https://www.sompo-japan.co.jp/,0,0,1,0,0,0,0,1,0,0
88,https://www.nissay.co.jp/,0,0,0,0,0,0,0,1,1,0
89,https://www.chuden.co.jp/,0,0,0,0,0,0,0,1,0,0
90,https://www.kuronekoyamato.co.jp/,0,0,0,0,0,0,0,1,0,0
91,https://www.mhi.com/jp/,0,0,1,0,0,0,0,1,0,0
92,https://www.yanmar.com/jp/,0,0,0,0,0,0,0,1,0,0
93,https://www.matsui.co.jp/,0,0,0,0,0,0,0,1,0,0
94,https://www.dic-global.com/ja/,0,0,0,0,0,0,0,1,0,0
95,https://www.asahi-kasei.com/jp/,0,0,0,0,0,0,0,1,0,0
96,https://www.jal.co.jp/jp/ja/,0,0,0,0,0,0,0,1,0,0
97,https://www.chugai-pharm.co.jp/index.html,0,0,1,0,0,0,0,1,0,0
98,https://www.mazda.co.jp/,0,0,0,0,0,0,0,1,0,0
99,https://www.ymobile.jp/,0,0,0,0,0,0,0,1,0,0
100,https://www.tokiomarine-nichido.co.jp/,0,0,0,0,0,0,0,1,0,0
101,https://zenn.dev/,0,0,0,0,1,0,1,1,0,0
102,https://www.dsk-cloud.com/,0,0,0,0,0,0,1,1,0,0
103,https://www.apple.com/,0,0,0,0,0,0,0,1,0,0
104,https://www.demandsphere.jp/,0,0,0,0,0,0,0,0,0,0
105,https://www.infobahn.co.jp/,0,0,0,0,0,0,0,1,0,0
106,https://www.seohacks.net/,0,0,0,0,1,0,1,1,0,0
107,https://keiei.freee.co.jp/,0,0,0,0,0,0,0,1,0,0
108,https://keiriplus.jp/,0,0,0,0,0,0,1,1,0,0
109,https://smmlab.jp/,0,0,0,0,0,0,0,1,0,0
110,https://www.xlsoft.com/jp/index.html,0,0,0,0,0,0,0,1,0,0
111,https://blog.gmotech.jp/,0,0,0,0,0,0,0,1,0,0
112,https://hatenablog.com/,0,0,0,0,1,0,1,1,0,0
113,https://mixi-developers.mixi.co.jp/,0,0,0,0,0,0,0,1,0,0
114,https://devlog.grapecity.co.jp/,0,0,0,0,0,0,0,1,0,0
115,https://devops-blog.virtualtech.jp/,0,0,0,0,1,0,1,1,0,0
116,https://tech.mirrativ.stream/,1,0,0,0,0,0,1,1,0,0
117,https://engineering.dena.com/,0,0,0,0,0,0,0,1,0,0
118,https://tech.pepabo.com/,0,0,0,0,0,0,1,1,0,0
119,https://engineering.mercari.com/,0,0,0,0,0,0,0,1,0,0
120,https://tech.hey.jp/,0,0,0,0,0,0,1,1,0,0
121,https://buildersbox.corp-sansan.com/,0,0,0,0,1,0,1,1,0,0
122,https://tech.revcomm.co.jp/,0,0,0,0,1,0,1,1,0,0
123,https://tsd.mitsue.co.jp/,0,0,0,0,0,0,0,1,0,0
124,https://devblog.thebase.in/,0,0,0,0,0,0,1,1,0,0
125,https://eng-blog.iij.ad.jp/,0,0,0,0,0,0,1,1,0,0
126,https://engineering.linecorp.com/ja,0,0,0,0,0,0,0,1,0,0
127,https://www.ai-shift.co.jp/,0,0,0,0,0,0,0,1,0,0
128,https://tech.mobilefactory.jp/,0,0,0,0,1,0,1,1,0,0
129,https://gihyo.jp/,0,0,0,0,0,0,0,1,0,0
130,http://logics-line.co.jp/,0,0,0,0,0,0,0,1,0,0
131,http://www.novatec.co.jp/,0,0,0,0,0,0,0,1,0,0
132,https://www.microchip.co.jp/,0,0,0,0,0,0,0,0,0,0
133,https://www.ibm.com/jp-ja,0,0,0,0,0,0,0,1,0,0
134,https://acceltech.co.jp/,0,0,0,0,0,0,0,1,0,0
135,https://www.fsi.co.jp/,0,0,0,0,0,0,1,1,0,0
136,https://www.kddi.com/,0,0,0,0,0,0,0,1,0,0
137,https://www.netone.co.jp/,0,0,0,0,1,0,1,1,0,0
138,https://cybozu.co.jp/,0,0,0,0,0,0,1,1,0,0
139,https://www.otsuka-shokai.co.jp/,0,0,0,0,0,0,0,0,0,0
140,https://www.ctc-g.co.jp/,0,0,0,0,0,0,0,1,0,0
141,https://www.oracle.com/jp/,0,0,0,0,1,0,0,1,0,0
142,https://www.sakura.ad.jp/,0,0,0,0,0,0,0,1,0,0
143,https://www.mri.co.jp/,0,0,0,0,0,0,0,1,0,0
144,https://www.hitachi.co.jp/,0,0,0,0,0,0,0,1,0,0
145,https://www.mitsubishielectric.co.jp/,0,0,0,0,0,0,0,1,0,0
146,https://www.fujielectric.co.jp/,0,0,0,0,0,0,0,1,0,0
147,https://shop.ukiukiwine.com/,0,0,0,0,0,0,0,1,0,0
148,https://www.nesic.co.jp/,0,0,0,0,0,0,0,1,0,0
149,https://www.systena.co.jp/,0,0,1,0,0,0,0,0,0,0
150,https://www.daj.jp/,0,0,1,0,0,0,0,1,0,0
151,https://www.cubesystem.co.jp/,0,0,0,1,0,0,1,1,0,0
152,https://www.core.co.jp/,0,0,0,0,0,0,0,1,1,0
153,https://www.softcreate.co.jp/,0,0,1,0,0,0,1,1,0,0
154,https://www.densan-s.co.jp/,0,0,0,0,0,0,0,0,0,0
155,https://gree.jp/,0,0,0,0,0,0,0,0,0,0
156,https://www.koeitecmo.co.jp/,0,0,0,0,0,0,0,1,0,0
157,https://www.voltage.co.jp/,0,0,0,0,0,0,0,1,0,0
158,https://www.ndensan.co.jp/,0,0,0,0,0,0,0,0,0,0
159,https://www.ags.co.jp/,0,0,0,0,0,0,0,1,0,0
160,https://www.mjs.co.jp/,0,0,0,0,0,0,0,1,0,0
161,https://corp.ebookjapan.jp/,0,0,0,0,0,0,0,1,0,0
162,https://company.nexon.co.jp/,0,0,1,0,0,0,0,1,0,0
163,https://www.istyle.co.jp/,0,0,1,0,0,0,1,1,0,0
164,https://www.colopl.co.jp/,0,0,0,0,0,0,0,1,0,0
165,https://www.mcinc.jp/,0,0,0,0,0,0,0,1,0,0
166,https://www.broadleaf.co.jp/,0,0,0,0,0,0,0,1,0,0
167,https://www.optim.co.jp/,0,0,0,0,0,0,1,1,0,0
168,https://www.veriserve.co.jp/,0,0,0,0,0,0,0,1,0,0
169,https://www.t-gaia.co.jp/,0,0,0,0,0,0,0,1,0,0
170,https://www.japanasiagroup.jp/,0,0,0,0,0,0,0,1,0,0
171,https://www.techmatrix.co.jp/,0,0,0,0,0,0,0,1,0,0
172,https://www.gungho.co.jp/,0,0,0,0,0,0,0,1,0,0
173,https://www.iij.ad.jp/,0,0,0,0,0,0,0,1,0,0
174,https://asahi-net.jp/,0,0,0,0,0,0,0,1,0,0
175,https://www.sra-hd.co.jp/,0,0,0,0,0,0,0,1,0,0
176,https://www.faith.co.jp/,0,0,0,0,0,0,0,1,0,0
177,https://www.himacs.jp/,0,0,0,0,0,0,0,1,0,0
178,https://www.cybernet.co.jp/,0,0,0,0,0,0,0,1,0,0
179,https://www.intage.co.jp/,0,0,0,0,0,0,0,1,0,0
180,https://www.tss.co.jp/,0,0,0,0,0,0,0,1,0,0
181,https://group.tyo.jp/,0,0,0,0,0,0,0,1,0,0
182,https://www.cresco.co.jp/,0,0,0,0,0,0,0,1,0,0
183,https://www.fujimediahd.co.jp/,0,0,0,0,0,0,0,1,0,0
184,https://www.obic.co.jp/,0,0,0,0,0,0,0,1,0,0
185,https://www.justsystems.com/jp/,0,0,0,0,0,0,0,0,0,0
186,https://www.tdc.co.jp/,0,0,0,0,0,0,0,1,0,0
187,https://www.wowow.co.jp/,0,0,0,0,0,0,1,1,0,0
188,https://www.trendmicro.co.jp/,0,0,0,0,0,0,1,1,0,0
189,https://www.nihon-e.co.jp/,0,0,1,0,0,0,0,1,0,0
190,https://www.alpha.co.jp/,0,0,0,0,0,0,0,1,0,0
191,https://www.future.co.jp/,0,0,0,0,0,0,0,1,0,0
192,https://www.tose.co.jp/,0,0,0,0,0,0,0,1,0,0
193,https://www.obc.co.jp/,0,0,0,0,1,0,1,1,0,0
194,https://www.to-be.co.jp/,0,0,0,0,0,0,1,1,0,0
195,https://www.itfor.co.jp/,0,0,0,0,0,0,0,1,0,0
196,https://www.toukei.co.jp/,0,0,0,0,0,0,0,1,0,0
197,https://www.xnet.co.jp/,0,0,0,0,0,0,0,1,0,0
198,https://www.isid.co.jp/,0,0,0,0,0,0,0,1,0,0
199,https://www.cij.co.jp/,0,0,0,0,0,0,0,1,0,0
200,https://www.softbrain.co.jp/,0,0,0,0,0,0,0,1,0,0
201,http://www.htmq.com/,0,0,0,0,0,0,0,0,0,0
202,https://www.jiji.com/sp/,0,0,1,0,0,0,0,1,0,0
203,https://www.yomiuri.co.jp/,0,0,0,0,0,0,1,1,1,0
204,https://www.sankei.com/,0,0,1,0,0,0,1,1,0,0
205,https://gendai.ismedia.jp/,0,0,1,0,0,0,0,1,0,0
206,https://webronza.asahi.com/,0,0,0,0,0,0,0,1,0,0
207,https://www.buzzfeed.com/jp/news,0,0,1,1,0,0,1,1,0,0
208,https://news.yahoo.co.jp/,0,0,0,0,0,0,0,1,0,0
209,https://www3.nhk.or.jp/news/,0,0,0,0,0,0,0,0,0,0
210,https://mainichi.jp/,0,0,1,0,0,0,0,1,0,0
211,https://lite-ra.com/,0,0,0,0,0,0,0,1,0,0
212,http://www.mynewsjapan.com/,0,0,0,1,0,0,1,1,0,0
213,https://johosokuhou.com/,0,0,0,0,0,0,1,1,0,0
214,https://cio.go.jp/,0,0,0,0,0,0,0,1,0,0
215,https://www.gyoukaku.go.jp/,0,0,0,0,0,0,0,1,0,0
216,http://www.kokuminhogo.go.jp/,0,0,0,0,0,0,0,0,0,0
217,http://www.cas.go.jp/,0,0,0,0,0,0,0,0,0,0
218,http://www.kantei.go.jp/,0,0,0,0,0,0,0,0,0,0
219,http://www.nisc.go.jp/,0,0,0,0,0,0,0,0,0,0
220,http://www.rachi.go.jp/,0,0,0,0,0,0,0,0,0,0
221,http://www.yuseimineika.go.jp/,0,0,0,0,0,0,0,0,0,0
222,https://www.clb.go.jp/,0,0,0,0,0,0,0,1,0,0
223,https://www.jinji.go.jp/,0,0,0,0,0,0,0,0,0,0
224,http://www.okinawakouko.go.jp/,0,0,0,0,0,0,0,1,0,0
225,https://www.jacar.go.jp/,0,0,0,0,0,0,0,0,0,0
226,https://www.okinawa41.go.jp/,0,0,0,1,0,0,0,1,0,0
227,http://qzss.go.jp/,0,0,0,0,1,0,1,1,0,0
228,https://www.geihinkan.go.jp/,0,0,0,0,0,0,0,1,0,0
229,https://www.koeki-info.go.jp/,0,0,0,0,0,0,0,1,0,0
230,https://www.fsc.go.jp/,0,0,0,0,0,0,0,0,0,0
231,http://www.aec.go.jp/,0,0,0,0,0,0,0,0,0,0
232,http://www.bousai.go.jp/,0,0,0,0,0,0,0,1,0,0
233,https://www.cao.go.jp/,0,0,0,0,0,0,0,1,0,0
234,https://www.gov-online.go.jp/,0,0,0,0,0,0,0,1,0,0
235,http://www.invest-japan.go.jp/,0,0,0,0,0,0,0,1,0,0
236,http://www.gender.go.jp/,0,0,0,0,0,0,0,0,0,0
237,http://www.scj.go.jp/,0,0,0,0,0,0,0,1,0,0
238,https://myna.go.jp,0,0,0,0,0,0,0,0,0,0
239,http://www.ogb.go.jp/,0,0,0,0,0,0,0,1,0,0
240,https://www.esri.cao.go.jp/,0,0,0,0,0,0,0,1,0,0
241,http://www.sip-adus.go.jp/,0,0,0,0,0,0,0,1,0,0
242,https://www.kodomohinkon.go.jp/,0,0,0,0,0,0,1,1,0,0
243,https://www.npo-homepage.go.jp/,0,0,0,0,0,0,0,1,0,0
244,http://bousai-system.go.jp/,0,0,0,0,0,0,0,1,0,0
245,https://resas-portal.go.jp/,0,0,0,0,0,0,0,1,0,0
246,http://www.pro-jinzai.go.jp/,0,0,0,0,0,0,0,1,0,0
247,https://www.amed.go.jp/,0,0,0,0,0,0,0,1,0,0
248,http://www.archives.go.jp/,0,0,0,0,0,0,0,1,0,0
249,http://future-city.go.jp/,0,0,0,0,0,0,0,1,0,0
250,http://www.kunaicho.go.jp/,0,0,0,0,0,0,0,0,0,0
251,http://www.jftc.go.jp/,0,0,0,0,0,0,0,0,0,0
252,https://www.npa.go.jp/,0,0,0,0,0,0,0,0,0,0
253,https://www.npsc.go.jp/,0,0,0,0,0,0,0,0,0,0
254,https://www.ppc.go.jp/,0,0,0,0,0,0,1,1,0,0
255,https://www.fsa.go.jp/,0,0,0,0,0,0,0,1,0,0
256,https://www.dic.go.jp/,0,0,0,0,0,0,0,1,0,0
257,https://www.caa.go.jp/,0,0,0,0,0,0,0,1,0,0
258,https://www.recall.caa.go.jp/,0,0,0,0,0,0,0,1,0,0
259,http://www.kokusen.go.jp/,0,0,0,0,0,0,0,1,0,0
260,https://www.reconstruction.go.jp/,0,0,0,0,0,0,1,1,0,0
261,https://www.fdma.go.jp/,0,0,0,0,0,0,0,0,0,0
262,https://www.e-gov.go.jp/,0,0,0,0,0,0,0,1,0,0
263,https://www.data.go.jp/,0,0,0,0,0,0,1,1,0,0
264,https://www.inno.go.jp/,0,0,0,0,0,0,0,1,0,0
265,http://www.jpki.go.jp/,0,0,0,0,0,0,0,0,0,0
266,https://www.kojinbango-card.go.jp/,0,0,0,0,0,0,0,1,0,0
267,https://www.j-lis.go.jp/,0,0,0,0,0,0,0,1,0,0
268,https://www.lgpki.go.jp/,0,0,0,0,0,0,0,1,0,0
269,https://www.lg-waps.go.jp/,0,0,0,0,0,0,0,0,0,0
270,https://www.lta.go.jp/,0,0,0,0,0,0,0,1,0,0
271,https://zozo.jp/,0,0,1,0,0,0,0,0,0,0
272,https://www.rakuten.co.jp/,0,0,0,0,0,0,1,1,0,0
273,https://www.yodobashi.com/,0,0,1,0,0,0,0,0,0,0
274,https://www.nissen.co.jp/,0,0,0,0,1,0,0,1,0,0
275,https://ec-plus.panasonic.jp/,0,0,0,0,0,0,0,1,0,0
276,https://favorite-one.co.jp/,0,0,0,0,0,0,0,1,0,0
277,https://suzuri.jp/,0,0,1,0,0,0,0,1,0,0
278,https://www.pc-koubou.jp/,0,0,0,0,0,0,1,1,0,0
279,https://www.dospara.co.jp/,0,0,0,0,0,0,0,0,1,0
280,https://www.mouse-jp.co.jp/,0,0,0,0,0,0,0,1,0,0
281,https://kakaku.com/,0,0,0,1,1,0,1,1,0,0
282,https://shop.tsukumo.co.jp/pc/,0,0,0,0,0,0,0,1,0,0
283,https://www.felissimo.co.jp/,0,0,0,1,0,0,0,1,0,0
284,https://jp.mercari.com/,0,0,0,0,0,0,0,1,0,0
285,https://shop-list.com/,0,0,1,0,0,0,1,1,0,0
286,https://www.bellemaison.jp/,0,0,0,0,0,0,0,1,0,0
287,https://fril.jp/,0,0,0,1,0,0,1,1,0,0
288,https://auctions.yahoo.co.jp/,0,0,1,0,0,0,1,1,0,0
289,https://www.grail.bz/,0,0,1,0,0,0,0,1,0,0
290,https://honto.jp/,0,0,0,0,0,0,0,0,0,0
291,https://www.e-hon.ne.jp/,0,0,0,0,0,0,0,0,0,0
292,https://booth.pm/ja,0,0,0,0,0,0,0,1,0,0
293,https://order.mandarake.co.jp/,0,0,0,0,0,0,0,0,0,0
294,https://k-books.co.jp/,0,0,1,0,0,0,1,1,0,0
295,https://www.animate-onlineshop.jp/,0,0,0,0,0,0,1,1,0,0
296,https://www.dinos.co.jp/,0,0,0,0,0,0,0,1,0,0
297,https://web.hh-online.jp/,0,0,1,0,0,0,0,1,0,0
298,https://www.muji.com/jp/ja/store,0,0,0,0,0,0,0,0,0,0
299,https://gelatopique.com/,0,0,0,0,0,0,0,0,0,0
300,https://www.ksdenki.com/shop/,0,0,0,0,0,0,0,1,0,0
301,https://www.biccamera.com/bc/main/,0,0,0,0,0,0,0,0,0,0
302,https://www.yamada-denkiweb.com/,0,0,0,0,0,0,0,1,0,0
303,https://www.kojima.net/,0,0,1,0,0,0,0,1,0,0
304,https://online.nojima.co.jp/,0,0,1,0,0,0,0,1,0,0
305,https://www.edion.com/,0,0,0,0,0,0,0,1,0,0
306,https://joshinweb.jp/,0,0,0,0,0,0,0,1,0,0
307,https://www.sofmap.com/,0,0,0,0,0,0,1,1,0,0
308,https://www.hmv.co.jp/,0,0,0,0,0,0,1,1,0,0
309,https://tower.jp/,0,0,0,0,0,0,1,1,0,0
310,https://www.kinokuniya.co.jp/,0,0,0,1,0,0,0,1,0,0
311,https://www.softbank.jp/,0,0,1,0,0,0,1,1,0,0
312,https://www.komatsu.jp/ja,0,0,1,0,0,0,0,1,0,0
313,https://www.nipponpapergroup.com/,0,0,0,0,0,0,0,1,0,0
314,https://www.nidec.com/jp/,0,0,0,0,0,0,0,1,0,0
315,https://www.tokyometro.jp/index.html,0,0,0,0,0,0,0,1,0,0
316,https://www.mmc.co.jp/corporate/ja/index.html,0,0,0,0,0,0,0,0,0,0
317,https://www.daihatsu.co.jp/top.htm,0,0,0,0,0,0,0,1,0,0
318,https://www.sony.jp/,0,0,0,0,0,0,1,1,0,0
319,https://www.shimz.co.jp/,0,0,0,0,0,0,0,1,1,0
320,https://toyota.jp/,0,0,0,0,0,0,0,1,0,0
321,https://www.scsk.jp/,0,0,0,0,0,0,0,1,0,0
322,https://www.nsw.co.jp/,0,0,0,0,0,0,0,1,0,0
323,https://www.ines.co.jp/,0,0,0,1,0,0,0,1,0,0
324,https://www.tkc.jp/,0,0,0,0,0,0,0,1,0,0
325,https://www.dts.co.jp/,0,0,0,0,0,0,0,1,0,0
326,https://www.nsd.co.jp/,0,0,0,0,0,0,0,1,0,0
327,https://www.fukuicompu.co.jp/,0,0,0,0,0,0,0,1,0,0
328,https://www.jbcchd.co.jp/,0,0,0,0,0,0,1,1,0,0
329,https://www.cec-ltd.co.jp/,0,0,0,0,0,0,0,1,0,0
330,https://www.crops.ne.jp/,0,0,0,0,0,0,0,1,0,0
331,https://www.jpf.go.jp/,0,0,0,0,0,0,0,1,0,0
332,https://www.jica.go.jp/,0,0,0,0,0,0,0,1,0,0
333,https://www.jbic.go.jp,0,0,0,0,0,0,0,0,0,0
334,https://www.nta.go.jp,0,0,0,0,0,0,0,1,0,0
335,https://www.kfs.go.jp/,0,0,0,0,0,0,0,0,0,0
336,http://www.customs.go.jp/,0,0,0,0,1,0,0,1,0,0
337,https://www.npb.go.jp/,0,0,0,0,0,0,0,1,0,0
338,https://www.nrib.go.jp,0,0,0,0,0,0,0,0,1,0
339,https://www.jfc.go.jp/,0,0,0,0,0,0,0,1,0,0
340,https://www.mint.go.jp/,0,0,0,0,0,0,0,1,0,0
341,https://www.jma.go.jp/jma/index.html,0,0,0,0,0,0,0,1,0,0
342,https://www.mod.go.jp/,0,0,0,0,0,0,0,1,0,0
343,https://www.cas.go.jp/index.html,0,0,0,0,0,0,0,0,0,0
344,https://www.digital.go.jp/,0,0,0,0,0,0,0,0,0,0
345,https://www.soumu.go.jp/,0,0,0,0,0,0,0,1,0,0
346,https://www.mof.go.jp/,0,0,0,0,0,0,0,1,0,0
347,https://www.mext.go.jp/,0,0,0,0,0,0,0,1,0,0
348,https://www.mhlw.go.jp/index.html,0,0,0,0,0,0,0,1,0,0
349,https://www.maff.go.jp/,0,0,0,0,0,0,1,1,0,0
350,https://www.meti.go.jp/,0,0,0,0,0,0,0,1,0,0
351,https://www.python.jp/,0,0,0,0,0,0,0,1,0,0
352,https://haskell.jp/,0,0,0,0,1,0,1,1,0,0
353,https://www.ffri.jp/,0,0,0,0,0,0,0,1,0,0
354,https://www.jpx.co.jp/,0,0,0,0,0,0,0,1,0,0
355,https://www.google.co.jp/,0,0,1,0,0,0,0,1,0,0
356,https://vim-jp.org/,0,0,0,0,0,0,0,1,0,0
357,https://rust-jp.rs/,0,0,0,0,0,0,0,1,0,0
358,https://tenki.jp/,0,0,0,0,0,0,1,1,0,0
359,https://www.nitori-net.jp/ec/,0,0,1,0,0,0,0,1,0,0
360,https://www.low-ya.com/,0,0,1,0,0,0,0,0,1,0
361,https://www.air-r.jp/,0,0,1,0,0,0,1,1,0,0
362,https://flymee.jp/,0,0,0,0,0,0,0,1,0,0
363,https://www.rigna.com/,0,0,0,1,0,0,0,1,0,0
364,https://www.unico-fan.co.jp/shop/default.aspx,0,0,0,0,0,0,0,1,0,0
365,https://tabroom.jp/,0,0,0,0,0,0,1,1,0,0
366,https://www.akaya.jp/,0,0,1,0,0,0,1,1,0,0
367,https://ikeablog.net/,0,0,0,0,0,0,1,1,0,0
368,https://citizen.jp/,0,0,0,0,0,0,0,0,0,0
369,https://minase-watches.com/,0,0,0,0,0,0,0,1,1,0
370,https://mens.tasclap.jp/,0,0,0,0,0,0,0,1,0,0
371,https://japanchess.org/,0,0,0,0,0,0,0,1,0,0
372,https://www.shogi.or.jp/,0,0,1,0,0,0,0,1,0,0
373,https://shogi100th.com/,0,0,0,0,0,0,0,1,0,0
374,https://www.pressnet.or.jp/,0,0,0,0,0,0,0,1,0,0
375,https://www.tokyo-np.co.jp/,0,0,0,0,0,0,0,1,0,0
376,https://www.shimotsuke.co.jp/,0,0,1,0,0,0,1,1,0,0
377,https://www.kanaloco.jp/,0,0,0,0,0,0,1,1,0,0
378,https://www.isenp.co.jp/,0,0,0,0,1,0,0,1,0,0
379,http://www.yukanmie.com/,0,0,0,0,0,0,1,1,0,0
380,https://www.kobe-np.co.jp/,0,0,1,0,1,0,0,1,0,0
381,http://www.shikoku-np.co.jp/,0,0,0,0,0,0,1,1,0,0
382,https://www.chugoku-np.co.jp/,0,0,0,0,1,0,0,1,0,0
383,http://www.jads.org/,0,0,0,0,0,0,0,1,0,0
384,http://www.asiakyouikushi.net/,0,0,1,0,0,0,0,0,0,0
385,https://ehongakkai.com/,0,0,0,0,0,0,0,1,1,0
386,http://iasil.jp/,0,0,0,0,0,0,0,1,0,0
387,http://cinex.main.jp/,0,0,0,0,0,0,1,1,0,0
388,http://iminseisaku.org/,0,0,0,0,0,0,0,1,0,0
389,https://tohoku-sociology.org/,0,0,0,0,0,0,1,1,0,0
390,https://www.applstat.gr.jp/,0,0,0,0,0,0,0,1,0,0
391,https://www.jser.gr.jp/,0,0,0,0,0,0,0,1,0,0
392,https://arsc.org/jp/,0,0,0,0,0,0,0,0,0,0
393,https://jsml.jp/,0,0,0,0,0,0,0,1,0,0
394,http://www.australianstudies.jp/,0,0,0,0,0,0,0,1,0,0
395,http://ods-web.neptune.bindcloud.jp/,0,0,0,0,0,0,0,0,0,0
396,https://www.mathsoc.jp/,0,0,0,0,0,0,0,1,0,0
397,https://www.imojp.org/,0,0,0,0,0,0,0,1,0,0
398,https://facy.jp/,0,0,0,1,0,0,0,1,0,0
399,https://megane-joa.or.jp/,0,0,0,0,0,0,0,1,0,0
400,https://www.ohmyglasses.jp/,0,0,0,0,0,0,0,1,0,0
401,https://www.megane-jaos.com/,0,0,0,1,0,0,1,1,0,0
402,https://www.noc.ac.jp/,0,0,0,0,0,0,0,1,0,0
403,https://www.megane10-01.com/,0,0,0,0,0,0,1,1,0,0
404,https://jaoos.com/,0,0,0,0,0,0,0,1,0,0
405,http://hakusan-megane.co.jp/,0,0,0,0,0,0,0,1,0,0
406,https://www.kaneko-optical.co.jp/,0,0,0,0,0,0,0,0,0,0
407,http://www.jsoi.or.jp/,0,0,0,0,0,0,0,0,0,0
408,https://www.japanglasses.jp/,0,0,0,0,0,0,0,1,0,0
409,https://www.megane-joa.net/,0,0,0,0,0,0,0,1,0,0
410,https://www.su-gaku.net/,0,0,0,0,0,0,1,1,0,0
411,https://www.no-trouble.caa.go.jp/,0,0,0,0,0,0,0,1,0,0
412,https://jjy.nict.go.jp/,0,0,0,0,0,0,0,1,0,0
413,https://www.denpa.soumu.go.jp/public/,0,0,0,0,0,0,0,1,0,0
414,https://www.denpa.soumu.go.jp/public2/,0,0,0,0,0,0,0,1,0,0
415,https://www.tele.soumu.go.jp/,0,0,0,0,0,0,0,1,0,0
416,https://www.denpa.soumu.go.jp/public/link-s/index.html,0,0,0,0,0,0,0,1,0,0
417,https://japanupclose.web-japan.org/,0,0,0,0,0,0,0,1,0,0
418,http://chemlink.jp/,0,0,0,0,0,0,0,1,0,0
419,https://ecom-plat.jp/,0,0,0,0,0,0,0,1,0,0
420,https://www.nanofab.jp/,0,0,0,0,0,0,0,0,0,0
421,https://scws2017.org/,0,0,0,0,0,0,0,1,0,0
422,https://researchmap.jp/,0,0,0,0,1,0,0,1,0,0
423,https://japanlinkcenter.org/top/,0,0,0,0,0,0,0,1,0,0
424,https://nankai-bosai.jp/,0,0,0,0,0,0,0,1,0,0
425,https://jspscairo.com/,0,0,0,0,0,0,0,1,0,0
426,https://www.txtbook.jp/,0,0,0,1,0,0,1,1,0,0
427,http://plasmon.jp/,0,0,0,0,0,0,0,1,0,0
428,http://pmdrinsho.jp/,0,0,0,0,0,0,0,1,0,0
429,http://www.jeed.or.jp/,0,0,0,1,1,0,1,1,0,0
430,https://saga.hosp.go.jp/,0,0,0,0,0,0,0,0,0,0
431,https://kochi.hosp.go.jp/,0,0,0,0,0,0,0,0,0,0
432,https://hiroshimanishi.hosp.go.jp/,0,0,0,0,0,0,0,1,0,0
433,https://kikuchi.hosp.go.jp/,0,0,0,0,0,0,0,0,0,0
434,https://kanshin.hosp.go.jp/,0,0,0,0,0,0,0,0,0,0
435,https://yokohama.hosp.go.jp/,0,0,0,0,0,0,0,0,0,0
436,https://yamato-hosp.jp/,0,0,0,0,0,0,1,1,0,0
437,https://fukushima.hosp.go.jp/,0,0,0,0,0,0,0,0,0,0
438,http://esaitama.org/nanbyo/,0,0,0,0,0,0,0,1,0,0
439,https://higashisaga.hosp.go.jp/,0,0,0,0,0,0,0,0,0,0
440,https://miyakonojo.hosp.go.jp/,0,0,0,0,0,0,0,0,0,0
441,https://chiba-east.hosp.go.jp/,0,0,0,0,0,0,0,0,0,0
442,http://nishibeppukango.jp/,0,0,0,0,0,0,0,0,0,0
443,https://kanagawa.hosp.go.jp/,0,0,0,0,0,0,0,0,0,0
444,https://kokura.hosp.go.jp/,0,0,0,0,0,0,0,0,0,0
445,http://kagawasy-hosp.jp/,0,0,0,0,0,0,0,0,0,0
446,https://shikoku-mc.hosp.go.jp/,0,0,0,0,0,0,0,0,0,0
447,https://yamaguchiube.hosp.go.jp/,0,0,0,0,0,0,0,0,0,0
448,http://fishery-terminology.jp/,0,0,0,0,0,0,0,1,0,0
449,http://ariake-yatsushiro.jp/,0,0,0,0,0,0,0,0,0,0
450,http://ncgmlipidsp.jp/,0,0,0,0,0,0,0,1,0,0
451,https://ncgm-regenerative-medicine.org/,0,0,0,0,0,0,0,1,0,0
452,http://sleepmed.jp/,0,0,0,0,0,0,0,1,0,0
453,http://sangiren-ifuku.org/,0,0,0,0,0,0,0,0,0,0
454,https://jcggdb.jp/,0,0,0,0,0,0,0,0,0,0
455,https://www.smart-japan.org/,0,0,0,0,0,0,0,0,0,0
456,http://sekiseisyouko.com/szn/,0,0,0,0,0,0,0,0,0,0
457,https://koutsu-shien-center.mlit.go.jp/,0,0,0,0,0,0,0,0,0,0
458,https://keieiryoku.go.jp/,0,0,0,0,0,0,0,1,0,0
459,https://kkj.go.jp/s/,0,0,0,0,0,0,0,1,0,0
460,https://imi.go.jp/,0,0,0,0,0,0,0,1,0,0
461,https://www.jaffic.go.jp/,0,0,0,0,0,0,0,1,0,0
462,http://shirakami.go.jp/,0,0,0,0,0,0,0,0,0,0
463,https://shokeikan.go.jp/,0,0,0,0,0,0,0,0,0,0
464,https://kunishitei.bunka.go.jp/bsys/index,0,0,0,0,0,0,0,1,0,0
465,http://chiikiglocal.go.jp/,0,0,0,0,0,0,0,0,0,0
466,https://nrib.go.jp/,0,0,0,0,0,0,0,0,1,0
467,https://shizuoka-prison.go.jp/,0,0,0,0,0,0,0,0,0,0
468,https://kasamatsu-prison.go.jp/,0,0,0,0,0,0,0,0,0,0
469,https://kokkyo-info.go.jp/,0,0,0,1,0,0,0,1,0,0
470,https://bousai-system.go.jp/index.jsp,0,0,0,0,0,0,0,1,0,0
471,https://skcao.go.jp/,0,0,0,0,0,0,0,1,0,0
472,https://www.oreilly.co.jp,0,0,0,0,0,0,1,1,0,0
473,http://jiii.or.jp/,0,0,0,0,0,0,0,1,0,0
474,https://www.ndl.go.jp/,0,0,0,0,0,0,0,1,0,0
475,https://www.sotsui.go.jp/,0,0,0,0,0,0,0,0,0,0
476,http://kakioka-jma.go.jp/,0,0,0,0,0,0,0,1,0,0
477,http://www.asuka-park.jp/kitoraguide/,0,0,0,0,0,0,0,1,0,0
478,http://www.cals-ed.go.jp/,0,0,0,0,0,0,1,1,0,0
479,https://epa-info.go.jp/,0,0,0,0,0,0,0,1,0,0
480,https://www.pref.hokkaido.lg.jp/,0,0,0,0,0,0,1,1,0,0
481,http://www.cryptrec.go.jp/,0,0,0,0,0,0,0,1,0,0
482,https://www.geps.go.jp/,0,0,0,0,0,0,1,1,0,0
483,http://www.soumu.go.jp/,0,0,0,0,0,0,0,1,0,0
484,https://www.e-stat.go.jp/,0,0,0,0,0,0,0,1,0,0
485,http://www.stat.go.jp/,0,0,0,0,0,0,0,0,0,0
486,http://www.nstac.go.jp/,0,0,0,0,0,0,0,1,0,0
487,http://www.nict.go.jp/,0,0,0,0,0,0,0,1,0,0
488,https://tagen.go.jp,0,0,0,0,0,0,0,1,0,0
489,http://www.jfm.go.jp/,0,0,0,0,0,0,1,1,0,0
490,http://www.yuchokampo.go.jp/,0,0,0,0,0,0,0,1,0,0
491,https://notice.go.jp/,0,0,0,0,0,0,0,1,0,0
492,https://www.heiwakinen.go.jp/,0,0,0,0,0,0,1,1,0,0
493,https://www.kensatsu.go.jp/top.shtml,0,0,0,0,0,0,0,0,0,0
494,http://kasamatsu-prison.go.jp/,0,0,0,0,0,0,0,0,0,0
495,http://shizuoka-prison.go.jp,0,0,0,0,0,0,0,0,0,0
496,http://www.mine-center.go.jp,0,0,0,0,0,0,0,0,0,0
497,http://www.shimaneasahi-rpc.go.jp,0,0,0,0,0,0,0,1,0,0
498,http://www.moj.go.jp/,0,0,0,0,0,0,0,1,0,0
499,https://www.mofa-irc.go.jp/,0,0,0,0,0,0,0,1,0,0
500,https://www.mofa.go.jp/mofaj/,0,0,0,0,0,0,0,0,0,0
501,http://1000mg.jp/,0,0,0,0,1,0,0,1,0,1
502,http://1917-movie.jp/,0,0,0,0,0,0,0,1,0,1
503,http://1yomeblo.com/,0,0,1,0,1,1,1,1,0,1
504,http://36kirakira.com/,0,0,0,1,1,0,1,1,0,1
505,http://38hana.com/,0,0,0,0,1,0,1,1,0,1
506,http://55kengo.com/,0,0,0,1,1,0,1,1,0,1
507,http://5w1h-jp.com/,0,0,0,1,1,0,0,1,0,1
508,http://758ryu.com/,0,0,0,0,1,0,1,1,0,1
509,http://818-news-blog.com/,0,0,0,0,1,0,1,1,0,1
510,http://a711.work/,0,0,0,0,1,0,0,1,1,1
511,http://aaanews.net/,0,0,0,0,1,0,1,1,0,1
512,http://advansteadily2310.com/,0,0,1,0,0,0,1,1,0,1
513,http://aidoly.net/,0,0,0,0,0,0,1,1,0,1
514,http://aikru.com/,0,0,0,0,0,0,1,1,0,1
515,http://akasann.biz/,0,0,1,0,0,0,0,1,0,1
516,http://albblo.com/,0,0,1,0,1,0,1,1,0,1
517,http://alfalfalfa.com/,0,0,0,0,0,0,1,1,0,1
518,http://alrescha.work/,0,0,0,1,1,0,1,1,1,1
519,http://amaitime.com/,0,0,0,1,1,1,1,1,0,1
520,http://ameblo.jp/direscare/,0,0,0,1,1,1,1,1,0,1
521,http://ameblo.jp/moju0304/,0,0,0,1,1,0,1,1,0,1
522,http://ameblo.jp/unarigoe/,0,0,1,0,1,0,1,1,0,1
523,http://anincline.com/,0,0,0,0,0,0,0,1,0,1
524,http://annneme.net/,0,0,0,0,1,0,1,1,0,1
525,http://announcer-room.net/,0,0,0,1,1,0,1,1,0,1
526,http://anogate.jp/,0,0,0,1,1,0,1,1,0,1
527,http://aoiro5.com/,0,0,0,1,1,0,1,1,0,1
528,http://aokiin.com/,0,0,0,1,1,0,1,1,0,1
529,http://arincoroom.com/,0,0,0,1,1,0,1,1,0,1
530,http://aroundfortylife.net/,0,0,0,1,1,0,1,1,0,1
531,http://around-topics.net/,0,0,0,1,1,1,1,1,0,1
532,http://artroot.jp/,0,0,0,0,0,0,1,1,0,1
533,http://asitanokakehasi.blog.ss-blog.jp/,0,0,0,1,1,0,1,1,0,1
534,http://athlete-information.com/,0,0,0,0,1,0,0,1,0,1
535,http://awareliving.net/,0,0,0,1,1,0,1,1,0,1
536,http://awazu-gh.jp/,0,0,0,0,0,0,0,0,0,1
537,http://az-knowledge.com/,0,0,1,0,1,0,1,1,0,1
538,http://az-news.blog.jp/,0,0,0,0,0,0,1,1,0,1
539,http://azukimama.com/,0,0,1,1,1,0,1,1,0,1
540,http://banbi-eye.com/,0,0,0,0,1,0,1,1,0,1
541,http://b-and-s.info/,0,0,0,1,0,0,1,1,0,1
542,http://barutosuserver.com/,0,0,0,1,0,0,1,1,0,1
543,http://beko-diary417.com/,0,0,1,1,1,0,1,1,0,1
544,http://belle-rencontre.site/,0,0,0,0,1,1,1,1,0,1
545,http://bepo-blog.com/,0,0,0,0,1,1,1,1,0,1
546,http://bert-bert.com/,0,0,1,1,1,1,1,1,0,1
547,http://bibi-star.jp/,0,0,0,0,0,0,1,1,0,1
548,http://bibri.com/,0,0,0,0,1,0,0,1,1,1
549,http://bignews77.com/,0,0,0,0,1,0,1,1,0,1
550,http://bikuchan.com/,0,0,1,0,1,1,1,1,0,1
551,http://bipblog.com/,0,0,0,0,1,0,1,1,0,1
552,http://blog.esuteru.com/,0,0,0,1,1,0,1,1,0,1
553,http://blog.livedoor.jp/ainbekker-news2/,0,0,0,0,0,0,1,1,0,1
554,http://blog.livedoor.jp/amenimomakezu_/,0,0,0,0,1,0,1,1,0,1
555,http://blog.livedoor.jp/christmas1224/,0,0,0,0,0,0,0,1,0,1
556,http://blog.livedoor.jp/dqnplus/,0,0,0,1,1,0,1,1,0,1
557,http://blog.livedoor.jp/goldennews/,0,0,0,0,0,0,1,1,0,1
558,http://blog.livedoor.jp/itsoku/,0,0,0,0,1,0,1,1,0,1
559,http://blog.livedoor.jp/jyoushiki43/,0,0,0,0,0,0,1,1,0,1
560,http://blog.livedoor.jp/karamato/,0,0,0,0,0,0,0,1,0,1
561,http://blog.livedoor.jp/love120331/,0,0,0,0,1,0,1,1,0,1
562,http://blog.livedoor.jp/mahjongch/,0,0,0,0,0,0,1,1,0,1
563,http://blog.livedoor.jp/nandemonyuusu/,0,0,0,0,1,0,1,1,0,1
564,http://blog.livedoor.jp/news23vip/,0,0,0,0,1,0,0,1,0,1
565,http://blog.livedoor.jp/nwknews/,0,0,0,0,1,0,1,1,0,1
566,http://blog.livedoor.jp/pocketcamp/,0,0,0,0,0,0,1,1,0,1
567,http://blog.livedoor.jp/rbkyn844/,0,0,0,0,0,0,1,1,0,1
568,http://blog.livedoor.jp/yorilog/,0,0,0,0,0,0,0,1,0,1
569,http://blog.livedoor.jp/youtube_sokuhou/,0,0,1,0,0,0,0,1,0,1
570,http://blog.livedoor.jp/youtubercom/,0,0,0,0,0,0,0,1,0,1
571,http://bluesea0925.com/,0,0,1,0,1,0,1,1,0,1
572,http://bluestar-journal.com/,0,0,0,0,1,0,0,1,0,1
573,http://bokumato.jp/,0,0,0,0,0,0,0,1,0,1
574,http://boku-tabi.com/,0,0,1,0,1,0,1,1,0,1
575,http://boshi-hawaii.com/,0,0,0,1,1,0,0,1,0,1
576,http://brandnew-s.com/,0,0,0,0,1,0,1,1,0,1
577,http://bunkumo99.com/,0,0,1,0,1,0,1,1,0,1
578,http://burusoku-vip.com/,0,0,0,0,0,0,1,1,0,1
579,http://buzzcreateofficial.com/,0,0,0,0,1,0,1,1,0,1
580,http://buzzneta-topic.com/,0,0,0,0,1,0,1,1,0,1
581,http://buzz-plus.com/,0,0,1,0,1,0,1,1,0,1
582,http://car-buzz.biz/,0,0,0,1,1,0,1,1,0,1
583,http://career-find.jp/,0,0,0,0,1,0,0,1,0,1
584,http://celeby-media.net/,0,0,0,0,0,0,0,1,0,1
585,http://changcoroom.com/,0,0,1,0,1,0,0,1,0,1
586,http://cheetah-sokuho.com/,0,0,0,0,1,0,1,1,0,1
587,http://chekko-8692.com/,0,0,0,0,1,0,1,1,0,1
588,http://chelra-note.com/,0,0,1,1,0,1,1,1,0,1
589,http://chenmamablog.com/,0,0,0,0,1,0,1,1,0,1
590,http://chops.chips.jp/,0,0,0,0,0,0,0,1,0,1
591,http://cinemachi.net/,0,0,0,1,1,0,1,1,0,1
592,http://continue-healthy.com/,0,0,1,1,1,0,1,1,0,1
593,http://cororotan.com/,0,0,1,0,1,1,1,1,0,1
594,http://crx7601.com/,0,0,0,0,1,0,1,1,0,1
595,http://curious-rabble.net/,0,0,0,0,1,1,1,1,0,1
596,http://cyoppaya.com/,0,0,1,0,1,0,1,1,0,1
597,http://daigakuikungo.com/,0,0,0,0,0,0,0,1,0,1
598,http://daigoblog.net/,0,0,0,1,1,0,1,1,0,1
599,http://daiki-global.work/,0,0,1,0,0,0,1,1,0,1
600,http://daily-necessities.net/,0,0,0,0,1,0,1,1,0,1
601,http://dailynews24.jp/,0,0,0,0,1,0,1,1,0,1
602,http://daily-trendy.com/,0,0,0,1,1,1,1,1,1,1
603,http://dannadaisuki.com/,0,0,0,1,1,0,1,1,0,1
604,http://danpei.blog.ss-blog.jp/,0,0,1,0,1,0,1,1,0,1
605,http://daydollarbotch.hatenablog.com/,0,0,0,0,1,0,1,1,0,1
606,http://delaidback.com/,0,0,0,0,1,0,1,1,0,1
607,http://detail-news.com/,0,0,0,0,1,0,1,1,0,1
608,http://dethein.net/,0,0,0,1,0,0,0,1,0,1
609,http://diary.ponkichi01.com/,0,0,0,0,1,0,1,1,0,1
610,http://dibablog.net/,0,0,0,0,0,1,1,1,0,1
611,http://dolomitilive.net/,0,0,0,0,1,1,1,1,0,1
612,http://dorama-netabare.com/,0,0,0,1,1,0,1,1,0,1
613,http://dougalove2.com/,0,0,0,1,1,0,1,1,0,1
614,http://drama-blog.net/,0,0,1,0,0,0,1,1,0,1
615,http://dramaru.net/,0,0,0,1,1,0,1,1,0,1
616,http://dream04090129.biz/,0,0,0,1,1,0,0,1,0,1
617,http://dreamstyle.life/,0,0,1,1,1,0,1,1,0,1
618,http://ebookcrossroads.com/,0,0,0,0,1,0,0,1,0,1
619,http://endia.net/,0,0,0,1,1,0,1,1,0,1
620,http://e-news67.com/,0,0,0,0,0,0,0,1,0,1
621,http://entaentaenta.com/,0,0,0,1,1,0,1,1,0,1
622,http://entamix777.com/,0,0,0,0,0,1,1,1,0,1
623,http://entertainment-days.com/,0,0,0,1,1,0,1,1,0,1
624,http://entertainment-topics.jp/,0,0,0,0,0,0,0,1,0,1
625,http://eraption.com/,0,0,0,0,0,0,0,1,0,1
626,http://erimakee.com/,0,0,0,1,1,0,1,1,0,1
627,http://erumaru.com/,0,0,0,0,1,0,1,1,0,1
628,http://everyday-entertainment77.com/,0,0,0,1,1,0,1,1,0,1
629,http://everydayissunday.livedoor.blog/,0,0,0,0,0,0,1,1,0,1
630,http://everyday-wadai.net/,0,0,0,1,1,0,0,1,0,1
631,http://everythingiscurious.com/,0,0,0,1,1,1,1,1,0,1
632,http://eweekkorea.com/,0,0,0,1,1,0,1,1,0,1
633,http://exawarosu.net/,0,0,0,0,1,0,1,1,0,1
634,http://extra-newspaper.com/,0,0,0,0,1,0,1,1,0,1
635,http://feizeus.com/,0,0,1,1,1,1,1,1,0,1
636,http://fesoku.net/,0,0,0,0,1,0,0,1,0,1
637,http://finalsquall.com/,0,0,0,1,1,0,1,1,0,1
638,http://financel.xyz/,1,0,0,1,1,0,1,1,1,1
639,http://findanimesque.com/,0,0,0,1,1,0,0,1,0,1
640,http://fmax7.com/,0,0,0,0,0,0,0,1,0,1
641,http://forester-fan-blog.com/,0,0,0,0,0,0,1,1,0,1
642,http://free-and-natural.com/,0,0,1,1,1,0,0,1,0,1
643,http://free-humanlife23.com/,0,0,0,0,0,0,0,1,0,1
644,http://free-workstyle.com/,0,0,0,0,1,0,1,1,0,1
645,http://f-shirushi.com/,0,0,0,0,1,0,1,1,0,1
646,http://fukuniko.com/,0,0,0,1,1,0,1,1,0,1
647,http://funwayroad.com/,0,0,0,1,1,0,1,1,0,1
648,http://furamu4568.com/,0,0,0,0,1,1,1,1,0,1
649,http://futaba05.com/,0,0,0,1,1,0,1,1,0,1
650,http://futamato.blog.jp/,0,0,0,0,1,0,1,1,0,1
651,http://future-sparkling.com/,0,0,0,0,1,1,1,1,0,1
652,http://fuwafuwam.com/,0,0,1,0,1,0,1,1,0,1
653,http://ganbarinote.net/,0,0,0,0,1,0,1,1,0,1
654,http://ganbariyasan.com/,0,0,0,1,1,0,1,1,0,1
655,http://geino-taro.com/,0,0,0,1,1,1,1,1,0,1
656,http://geinounewstorenndo.blog.ss-blog.jp/,0,0,0,0,1,0,0,1,0,1
657,http://geinouninzin.net/,0,0,0,0,1,0,1,1,0,1
658,http://geinou-now.net/,0,0,1,0,1,0,1,1,0,1
659,http://geisposoul.com/,0,0,0,0,1,1,1,1,0,1
660,http://genkimorizou.com/,0,0,0,1,1,1,1,1,0,1
661,http://geronhaita.com/,0,0,1,0,0,0,0,1,0,1
662,http://getnews.jp/,0,0,0,1,0,0,0,1,0,1
663,http://gi-o.com/,0,0,1,0,1,0,1,1,0,1
664,http://girlschannel.net/,0,0,0,0,0,0,0,1,0,1
665,http://girlshour.net/,0,0,1,0,1,0,1,1,0,1
666,http://girlynews.net/,0,0,0,0,1,0,1,1,0,1
667,http://golfgimon.info/,0,0,0,0,1,0,1,1,0,1
668,http://goodfeeilng102.com/,0,0,0,1,1,0,1,1,0,1
669,http://goodlerner.com/,0,0,0,0,1,0,1,1,0,1
670,http://gossipanything.com/,0,0,0,0,1,0,1,1,0,1
671,http://gruzovoe-taksi.com/,0,0,0,0,1,0,1,1,0,1
672,http://gurigetfree.com/,0,0,0,1,1,0,1,1,0,1
673,http://hageiwashi.com/,0,0,0,1,1,0,1,1,0,1
674,http://hamame.xyz/,1,0,0,1,1,1,1,1,1,1
675,http://hameets.com/,0,0,0,0,1,0,1,1,0,1
676,http://hamusoku.com/,0,0,0,0,1,0,0,1,0,1
677,http://happy-days777.com/,0,0,0,0,0,0,0,1,0,1
678,http://happy-drops.site/,0,0,1,0,1,0,1,1,0,1
679,http://happy-freeeeee77.com/,0,0,0,0,1,0,1,1,0,1
680,http://happy-mama-design.net/,0,0,0,0,1,0,1,1,0,1
681,http://happy-mariring.com/,0,0,0,1,1,0,1,1,0,1
682,http://happynewstopics.com/,0,0,0,1,1,0,1,1,0,1
683,http://happys365.com/,0,0,0,0,1,0,1,1,0,1
684,http://harikirimaruko.net/,0,0,0,0,1,0,0,1,0,1
685,http://haru-journal.com/,0,0,1,0,1,1,1,1,0,1
686,http://hayarimono.tokyo/,1,0,0,0,0,0,0,1,0,1
687,http://hdydfy.com/,0,0,0,0,1,0,1,1,0,1
688,http://hibikakeru.com/,0,0,0,0,1,0,0,1,0,1
689,http://hibiomo.com/,0,0,0,0,1,0,1,1,0,1
690,http://hideyoshi123.com/,0,0,0,1,1,0,1,1,0,1
691,http://hien-rt.net/,0,0,0,0,1,1,1,1,0,1
692,http://himmel-ellipse.com/,0,0,0,1,1,0,1,1,0,1
693,http://hinamoridake-mote.com/,0,0,0,1,0,0,1,1,0,1
694,http://hinanoto.com/,0,0,0,0,1,0,1,1,0,1
695,http://hinatabokko429.com/,0,0,0,0,0,0,0,1,0,1
696,http://hirokoluminous.com/,0,0,1,1,1,0,1,1,0,1
697,http://hiroshidrp.com/,0,0,0,0,1,1,1,1,0,1
698,http://hirosroom.com/,0,0,0,0,0,0,0,1,0,1
699,http://hitoshitorendo.blog.ss-blog.jp/,0,0,0,0,1,0,1,1,0,1
700,http://hituzinokegari.com/,0,0,1,0,1,0,1,1,0,1
701,http://ho4ta3.com/,0,0,0,0,0,0,0,1,0,1
702,http://homeparty-select.com/,0,0,0,0,1,0,0,1,0,1
703,http://honjitu.net/,0,0,0,0,0,0,1,1,0,1
704,http://honne-channel.com/,0,0,1,0,1,0,1,1,0,1
705,http://honsoku.com/,0,0,0,0,1,0,1,1,0,1
706,http://hosyusokuhou.jp/,0,0,0,0,1,0,1,1,1,1
707,http://hotword-coolword.com/,0,0,1,1,1,0,1,1,0,1
708,http://idolfan.xsrv.jp/,0,0,0,0,1,0,1,1,0,1
709,http://idol-network.com/,0,0,0,0,1,0,1,1,0,1
710,http://iineshinaide.jugem.jp/,0,0,0,1,1,0,1,1,0,1
711,http://ikuji-funtouki.com/,0,0,0,0,1,0,1,1,0,1
712,http://ikumen-smile.com/,0,0,0,0,1,0,1,1,0,1
713,http://ima-coco369.com/,0,0,1,1,1,1,1,1,0,1
714,http://imasugunews.com/,0,0,0,0,0,0,1,1,0,1
715,http://inazumanews2.com/,0,0,0,0,1,0,1,1,0,1
716,http://inbigo.com/,0,0,1,1,1,0,1,1,0,1
717,http://innovation-weekend.jp/,0,0,0,1,0,0,1,1,0,1
718,http://interested-media.com/,0,0,0,0,1,0,1,1,0,1
719,http://intergate.info/,0,0,0,0,1,0,0,1,0,1
720,http://irodori-terrace.com/,0,0,0,1,1,0,1,1,0,1
721,http://irohanihohoho.com/,0,0,1,1,1,1,1,1,0,1
722,http://iro-iro.shiro-eiyoushi.com/,0,0,1,1,1,1,1,1,0,1
723,http://iroirog.info/,0,0,0,1,1,0,1,1,0,1
724,http://iroirosokuhou.com/,0,0,0,0,0,0,1,1,0,1
725,http://iromame-beans.jp/,0,0,0,0,0,0,1,1,0,1
726,http://isao001.com/,0,0,1,0,1,1,1,1,0,1
727,http://isidorus-ex-camera.com/,0,0,0,0,1,0,1,1,0,1
728,http://it-toranoana.com/,0,0,0,0,0,0,1,1,0,1
729,http://jacklog.doorblog.jp/,0,0,0,0,1,0,1,1,0,1
730,http://japan-gyouji.com/,0,0,1,0,1,0,0,1,0,1
731,http://jeep-m.jp/,0,0,0,0,1,0,1,1,0,1
732,http://jijimedia.com/,0,0,0,1,1,1,1,1,0,1
733,http://jiji-trendy.com/,0,0,0,0,1,0,1,1,0,1
734,http://jikokanri22.blog.jp/,0,0,1,0,0,0,1,1,0,1
735,http://jimmys-room.com/,0,0,1,0,1,1,1,1,0,1
736,http://jin115.com/,0,0,0,0,1,0,1,1,0,1
737,http://joseiana.com/,0,0,0,0,0,0,1,1,0,1
738,http://journallimited.com/,0,0,1,0,0,0,0,0,0,1
739,http://junabroadinfo.com/,0,0,0,1,1,0,1,1,0,1
740,http://justnews.jp/,0,0,0,0,1,0,0,1,0,1
741,http://jyouhou-knt.com/,0,0,0,0,1,0,0,1,0,1
742,http://kad28.com/,0,0,1,0,1,0,1,1,0,1
743,http://kaigo-kagami.com/,0,0,0,0,1,1,1,1,0,1
744,http://kajjfawjagr.lfhfdfiehgg.com/,0,0,0,0,1,0,1,1,0,1
745,http://kan8oskar.com/,0,0,1,0,1,0,1,1,0,1
746,http://kanameblog.com/,0,0,0,1,0,0,1,1,0,1
747,http://kanata12.com/,0,0,0,0,1,0,1,1,0,1
748,http://kansuke.doorblog.jp/,0,0,0,0,0,0,1,1,0,1
749,http://kantaiki0219.com/,0,0,0,0,0,0,0,1,0,1
750,http://karikari.xyz/,1,0,0,1,1,1,1,1,1,1
751,http://karukantimes.com/,0,0,0,0,0,0,0,1,0,1
752,http://kban.me/,0,0,0,0,0,0,1,1,0,1
753,http://kenjiroo.com/,0,0,0,1,1,0,1,1,0,1
754,http://kenny-dfd.com/,0,0,0,0,1,0,1,1,0,1
755,http://kerorin1010.com/,0,0,1,1,1,0,1,1,0,1
756,http://kiiroihiyoko.com/,0,0,0,0,1,0,0,1,0,1
757,http://kijitora-chan.com/,0,0,1,0,0,0,0,1,0,1
758,http://kimagure-diary.com/,0,0,0,0,0,0,0,1,0,1
759,http://kimamani-hitori.com/,0,0,0,0,1,1,1,1,0,1
760,http://kima-mato.blog.jp/,0,0,0,0,1,0,1,1,0,1
761,http://kims-001.com/,0,0,0,0,1,0,0,1,0,1
762,http://kind-trend.com/,0,0,0,1,1,1,1,1,0,1
763,http://kingky.site/,0,0,0,1,1,0,1,1,0,1
764,http://kininaru3.com/,0,0,0,0,1,0,1,1,0,1
765,http://kininaru-journal.info/,0,0,0,0,0,0,0,1,0,1
766,http://kininarune.com/,0,0,0,1,1,0,0,1,0,1
767,http://kininarunoki.com/,0,0,1,1,1,0,1,1,0,1
768,http://kinsanblog.com/,0,0,0,0,0,0,0,1,0,1
769,http://kiragamiteru.com/,0,0,0,0,1,0,0,1,0,1
770,http://kirari-n.com/,0,0,1,0,1,0,1,1,0,1
771,http://kisetsuneta.info/,0,0,0,0,1,0,1,1,0,1
772,http://kitene.jp/,0,0,0,1,1,0,1,1,0,1
773,http://kiyo0406.com/,0,0,1,1,1,0,1,1,0,1
774,http://kkwing.jp/,0,0,1,0,1,0,1,1,0,1
775,http://kodokuranote.com/,0,0,1,0,1,1,1,1,0,1
776,http://kodomotoasobou.com/,0,0,1,1,1,1,1,1,0,1
777,http://koepro.net/,0,0,0,0,1,1,1,1,0,1
778,http://koimousagi.com/,0,0,0,0,1,0,0,1,0,1
779,http://koku-byakunews.com/,0,0,0,0,0,0,0,1,0,1
780,http://konoyubitomare.jp/,0,0,0,0,1,0,0,1,0,1
781,http://korejanai.exblog.jp/,0,0,0,0,1,0,0,1,0,1
782,http://korekarazizake.com/,0,0,1,1,1,0,1,1,0,1
783,http://kotaneko.net/,0,0,0,1,1,0,1,1,0,1
784,http://kozy2525.hatenablog.com/,0,0,1,1,1,0,1,1,0,1
785,http://kurara-blog.com/,0,0,1,1,1,1,1,1,0,1
786,http://kyoyym19.com/,0,0,0,0,0,0,0,1,0,1
787,http://kyun2-girls.com/,0,0,0,0,0,0,1,1,0,1
788,http://labopick.com/,0,0,0,0,1,0,1,1,0,1
789,http://lancers.work/,0,0,0,1,1,0,1,1,1,1
790,http://landfaller.net/,0,0,0,0,1,0,1,1,0,1
791,http://lanikainahele.com/,0,0,0,0,1,0,0,1,0,1
792,http://lefty322.com/,0,0,0,0,1,0,1,1,0,1
793,http://leisurego.jp/,0,0,0,1,1,0,1,1,0,1
794,http://lemon-hiraya.com/,0,0,0,1,1,1,1,1,0,1
795,http://levorg-subaru.com/,0,0,0,0,1,1,1,1,0,1
796,http://librairiepassages.com/,0,0,0,0,1,0,1,1,0,1
797,http://lifenews-media.com/,0,0,0,0,0,0,0,1,0,1
798,http://lifepages.jp/,0,0,0,1,1,0,1,1,0,1
799,http://lilla-flower.com/,0,0,1,0,1,0,1,1,0,1
800,http://littlelittlelife.com/,0,0,0,1,1,1,1,1,0,1
801,http://love-all.jp/,0,0,0,1,1,0,1,1,0,1
802,http://lovescenario.tokyo/,1,0,0,1,1,1,1,1,0,1
803,http://lovewagonblog.wordpress.com/,0,0,0,0,0,0,0,1,0,1
804,http://luckystar2010.com/,0,0,0,0,1,1,1,1,0,1
805,http://lumixkuroki.club/,0,0,0,0,1,1,1,1,0,1
806,http://mabomabo00.com/,0,0,1,0,1,0,1,1,0,1
807,http://maidonanews.jp/,0,0,0,0,0,0,0,1,0,1
808,http://majisuka.net/,0,0,0,1,1,1,1,1,0,1
809,http://maji-topi.com/,0,0,0,0,1,0,0,1,0,1
810,http://mamaicchi.com/,0,0,1,0,1,0,1,1,0,1
811,http://mamanoiro.info/,0,0,0,0,1,0,1,1,0,1
812,http://mamesoku.com/,0,0,0,0,1,0,1,1,0,1
813,http://mamintyu.com/,0,0,0,0,1,1,1,1,0,1
814,http://mankaikana.com/,0,0,1,0,1,0,1,1,0,1
815,http://manpukunews.blog.jp/,0,0,0,0,0,0,1,1,0,1
816,http://mapimark.com/,0,0,0,1,1,1,1,1,0,1
817,http://mariokart.antenam.jp/,0,0,0,0,0,0,0,1,0,1
818,http://marog01.com/,0,0,0,1,1,0,1,1,0,1
819,http://maroup.net/,0,0,0,0,1,0,1,1,0,1
820,http://masamurai.com/,0,0,1,0,0,0,0,1,0,1
821,http://materials-edge.net/,0,0,0,0,1,0,0,1,0,1
822,http://mayuponstyle.com/,0,0,0,1,0,0,1,1,0,1
823,http://media.yamatop.com/,0,0,0,0,1,0,0,1,0,1
824,http://meguppechan.com/,0,0,1,0,1,0,1,1,0,1
825,http://memorylane-media.com/,0,0,0,0,0,0,1,1,0,1
826,http://meshinews.blog.jp/,0,0,0,0,0,0,1,1,0,1
827,http://mh-r.more-gamer.com/,0,0,0,0,0,0,1,1,0,1
828,http://miaotenten.com/,0,0,1,1,1,0,1,1,0,1
829,http://miiolo.com/,0,0,0,1,1,0,1,1,0,1
830,http://mikimane.com/,0,0,0,0,1,0,1,1,0,1
831,http://mikobito.com/,0,0,0,0,1,1,1,1,0,1
832,http://min8.net/,0,0,0,0,1,0,1,1,0,1
833,http://miniminimiutat.com/,0,0,0,0,1,0,1,1,0,1
834,http://mirimari.net/,0,0,0,0,1,1,0,1,0,1
835,http://miruku.fun/,0,0,0,0,1,0,1,1,0,1
836,http://misuteri-enblog.com/,0,0,0,0,1,0,1,1,0,1
837,http://mitkp.com/,0,0,0,0,0,0,0,1,0,1
838,http://miwastyle42.com/,0,0,0,1,1,0,1,1,0,1
839,http://miya-rin7.com/,0,0,0,0,1,0,1,1,0,1
840,http://miyatarou.com/,0,0,0,0,0,0,1,1,0,1
841,http://mizharu.com/,0,0,1,0,1,1,1,1,0,1
842,http://mokomoko30.com/,0,0,1,1,1,0,1,1,0,1
843,http://molulabo.com/,0,0,0,0,1,1,1,1,0,1
844,http://mo-mo-town.com/,0,0,0,1,1,1,1,1,0,1
845,http://mondo-libre.com/,0,0,0,0,1,0,1,1,0,1
846,http://monokuro0210.com/,0,0,1,1,1,1,1,1,0,1
847,http://monozuki-apparel.com/,0,0,0,0,1,0,1,1,0,1
848,http://mopumopu.com/,0,0,1,1,1,0,1,1,0,1
849,http://morimorimoritto.com/,0,0,0,0,0,0,1,1,0,1
850,http://mounten-f.com/,0,0,0,0,1,0,1,1,0,1
851,http://moya-trend.com/,0,0,0,0,1,1,1,1,0,1
852,http://murajyuku.com/,0,0,1,0,1,0,1,1,0,1
853,http://mwphglch.org/,0,0,0,0,0,1,1,1,0,1
854,http://mybouzu.info/,0,0,0,0,1,0,0,1,0,1
855,http://my-own-pace.com/,0,0,0,0,1,0,1,1,0,1
856,http://n2-ch.com/,0,0,0,1,1,0,1,1,0,1
857,http://nabeaffiliate.com/,0,0,0,0,0,0,0,1,0,1
858,http://naju555.com/,0,0,0,1,1,0,1,1,0,1
859,http://nakasuga13.com/,0,0,0,1,1,0,0,1,0,1
860,http://namakemono-no-gogai.blog.ss-blog.jp/,0,0,0,0,1,0,0,1,0,1
861,http://nami55.xyz/,1,0,1,0,1,0,1,1,0,1
862,http://nanasepn.com/,0,0,1,0,1,0,1,1,0,1
863,http://nancreator.com/,0,0,0,1,1,1,1,1,0,1
864,http://nao-games.com/,0,0,0,0,1,1,1,1,0,1
865,http://naotan-net.com/,0,0,0,0,1,0,0,1,0,1
866,http://natalie.mu/,0,0,0,1,0,0,0,1,0,1
867,http://nationaltcc.org/,0,0,0,1,0,0,1,1,0,1
868,http://nazo-don.net/,0,0,0,0,1,0,1,1,0,1
869,http://neetola.com/,0,0,0,1,1,0,1,1,0,1
870,http://nekomegane.com/,0,0,0,0,1,0,1,1,0,1
871,http://neroeule96blog.com/,0,0,0,0,0,0,0,1,0,1
872,http://netacheck.com/,0,0,0,0,0,0,0,1,1,1
873,http://netatori.com/,0,0,0,1,1,1,1,1,0,1
874,http://netgeek.biz/,0,0,0,0,0,0,1,1,1,1
875,http://netouyonews.net/,0,0,1,0,1,0,0,1,0,1
876,http://newmatosoku.com/,0,0,0,0,0,0,0,1,0,1
877,http://newneta.work/,0,0,1,1,1,1,1,1,1,1
878,http://newnews36.com/,0,0,0,0,1,0,1,1,0,1
879,http://newsfantv.com/,0,0,0,1,1,0,0,1,0,1
880,http://news-japan365.com/,0,0,0,0,1,0,0,1,0,1
881,http://news-news-news.net/,0,0,0,0,1,1,1,1,0,1
882,http://newsteam.livedoor.biz/,0,0,0,0,1,0,1,1,0,1
883,http://newsthegeino.blog.fc2.com/,0,0,0,0,1,0,0,1,0,1
884,http://newstora.com/,0,0,0,0,0,0,1,1,0,1
885,http://news-us.org/,0,0,0,0,0,0,0,1,0,1
886,http://nicotubers.com/,0,0,0,1,1,0,1,1,0,1
887,http://nigiwasu.com/,0,0,1,0,1,0,1,1,0,1
888,http://ninjinkun.xyz/,1,0,1,0,1,0,0,1,1,1
889,http://ninkishohin.online/,0,0,0,1,1,1,1,1,0,1
890,http://nishiyan.info/,0,0,0,0,0,0,0,1,0,1
891,http://nobiciro.com/,0,0,1,0,1,0,0,1,0,1
892,http://nobicoma.com/,0,0,0,0,1,0,1,1,0,1
893,http://noma66.com/,0,0,0,1,1,0,1,1,0,1
894,http://nomadstarbucks.com/,0,0,0,0,1,0,1,1,0,1
895,http://nostalghia11.com/,0,0,0,0,1,0,1,1,0,1
896,http://notsu08.com/,0,0,0,1,0,1,0,1,0,1
897,http://nou-kick-mma.com/,0,0,0,0,0,0,1,1,0,1
898,http://nsl-enter.com/,0,0,0,0,1,0,1,1,0,1
899,http://nuinuhou.com/,0,0,1,0,1,0,1,1,0,1
900,http://nyanpararism.xyz/,1,0,0,0,0,1,0,1,0,1
901,http://nyanyako.xyz/,1,0,0,0,1,0,1,1,1,1
902,http://oishiimono-daisuki-hokusetsu.com/,0,0,0,1,1,0,0,1,0,1
903,http://o-kaminews.com/,0,0,0,0,1,0,1,1,0,1
904,http://okanehadaiji.com/,0,0,0,0,0,0,1,1,0,1
905,http://okboook.com/,0,0,1,0,1,1,1,1,0,1
906,http://oki-itsmylife.com/,0,0,0,0,1,0,1,1,0,1
907,http://olochimaru.tokyo/,1,0,1,1,1,0,1,1,0,1
908,http://omix1967.com/,0,0,1,0,1,0,1,1,0,1
909,http://omoitattagakichijitsu.com/,0,0,1,1,1,0,1,1,0,1
910,http://omotenashi9601.com/,0,0,0,0,1,0,1,1,0,1
911,http://oneheart65.net/,0,0,1,1,1,0,1,1,0,1
912,http://onigirisan.com/,0,0,0,1,1,1,1,1,0,1
913,http://oqirena.com/,0,0,1,1,1,0,0,1,0,1
914,http://oreno-trend.biz/,0,0,0,0,1,0,1,1,0,1
915,http://oricoma.com/,0,0,1,0,0,1,1,1,0,1
916,http://orusoku.com/,0,0,0,0,1,0,1,1,0,1
917,http://osarai-media.net/,0,0,0,1,1,1,1,1,0,1
918,http://outdooor.blog.jp/,0,0,0,0,1,0,1,1,0,1
919,http://outidesigoto.com/,0,0,0,1,1,0,1,1,0,1
920,http://oyakudachi2525.com/,0,0,0,0,1,0,1,1,0,1
921,http://parupunte-life.com/,0,0,0,0,1,0,1,1,0,1
922,http://pathtimeblog.com/,0,0,0,0,0,0,1,1,0,1
923,http://pentanews.net/,0,0,1,1,0,0,1,1,0,1
924,http://persimmonichinaru.com/,0,0,0,0,1,0,0,1,0,1
925,http://perspective.wp-x.jp/,0,0,0,0,1,0,1,1,0,1
926,http://petitwings.com/,0,0,1,1,1,0,1,1,0,1
927,http://pica-lifedesigner.com/,0,0,0,0,1,0,0,1,0,1
928,http://piccolo-net.com/,0,0,0,0,1,0,1,1,0,1
929,http://pink-almond.com/,0,0,1,0,0,0,1,1,0,1
930,http://pinky-honey.com/,0,0,0,1,1,0,1,1,0,1
931,http://pinky-media.jp/,0,0,0,0,0,0,1,1,0,1
932,http://pipi1211.com/,0,0,0,1,1,0,1,1,0,1
933,http://pocop0c0.blog.fc2.com/,0,0,0,0,0,0,0,1,0,1
934,http://poire122.com/,0,0,0,1,1,0,1,1,0,1
935,http://pokemon-goh.doorblog.jp/,0,0,0,0,0,0,1,1,0,1
936,http://pollux555.com/,0,0,0,1,1,0,1,1,0,1
937,http://ponblog.xyz/,1,0,0,1,1,1,1,1,1,1
938,http://ponpokopon0713.net/,0,0,0,0,0,0,0,0,0,1
939,http://pool-i.com/,0,0,0,1,1,0,1,1,0,1
940,http://powakitchen.site/,0,0,1,0,1,0,1,1,0,1
941,http://pre-cinema.com/,0,0,1,0,0,0,0,1,0,1
942,http://pswriter1129.com/,0,0,0,1,1,0,1,1,0,1
943,http://puralog.com/,0,0,1,0,0,0,1,1,0,1
944,http://purulife.site/,0,0,0,1,1,1,1,1,0,1
945,http://question56.blog.jp/,0,0,0,0,0,0,0,1,0,1
946,http://quickforms.net/,0,0,0,0,1,0,1,1,0,1
947,http://quick-news.site/,0,0,1,0,1,1,1,1,0,1
948,http://r40quest.com/,0,0,0,0,1,0,1,1,0,1
949,http://raifuappu.com/,0,0,0,1,1,0,1,1,0,1
950,http://rebeauty.love/,0,0,0,0,0,0,0,1,0,1
951,http://reco-link.com/,0,0,0,0,1,0,1,1,0,1
952,http://recommend-travel.com/,0,0,1,0,1,0,1,1,0,1
953,http://redkana.com/,0,0,0,1,1,0,1,1,0,1
954,http://refinelifekaz.com/,0,0,0,1,1,0,1,1,0,1
955,http://relaxmylife001.com/,0,0,0,0,0,0,1,1,0,1
956,http://reserve111.com/,0,0,0,0,1,0,1,1,0,1
957,http://restarean.com/,0,0,0,0,1,0,1,1,0,1
958,http://rhiliy.com/,0,0,0,1,1,0,1,1,0,1
959,http://richness4.com/,0,0,0,0,1,0,1,1,0,1
960,http://riekoblog.com/,0,0,0,1,1,0,1,1,0,1
961,http://rins-rin-mei.blog.ss-blog.jp/,0,0,0,0,1,0,1,1,0,1
962,http://rio2016-live.com/,0,0,1,0,1,1,1,1,0,1
963,http://risazoo.com/,0,0,1,1,1,1,1,1,0,1
964,http://road-to-self-realization.com/,0,0,0,1,1,0,1,1,0,1
965,http://robamimireport.com/,0,0,1,0,1,0,1,1,0,1
966,http://robotasu.com/,0,0,0,1,1,0,1,1,0,1
967,http://ruriblue.com/,0,0,0,1,1,1,1,1,0,1
968,http://ryo3noheya.com/,0,0,1,0,1,0,1,1,0,1
969,http://ryo-ishikawa.fun/,0,0,0,1,1,1,1,1,0,1
970,http://ryoto-seeking-dailylife.com/,0,0,0,0,1,0,0,1,0,1
971,http://ryusoku.com/,0,0,1,0,1,0,0,1,0,1
972,http://sabucaru.com/,0,0,0,0,1,1,1,1,0,1
973,http://sachiko-blog.com/,0,0,0,0,1,1,1,1,0,1
974,http://saeriho.com/,0,0,1,0,1,0,1,1,0,1
975,http://sai001.com/,0,0,0,0,1,0,1,1,0,1
976,http://sai2.info/,0,0,0,1,0,0,1,1,0,1
977,http://saisin-news.com/,0,0,0,0,1,0,1,1,0,1
978,http://sakumi39.com/,0,0,0,0,1,0,1,1,0,1
979,http://saku-saku-a.com/,0,0,0,1,0,0,1,1,0,1
980,http://saladbowl.net/,0,0,0,1,1,0,1,1,0,1
981,http://saorerin.com/,0,0,0,0,1,0,0,1,0,1
982,http://sapparipiman.com/,0,0,0,0,0,0,1,1,0,1
983,http://saron222.net/,0,0,1,1,1,0,1,1,0,1
984,http://sa-ta-mi.com/,0,0,0,0,0,1,1,1,0,1
985,http://satomin.club/,0,0,0,1,1,0,1,1,0,1
986,http://sawasaura.net/,0,0,1,1,1,0,1,1,0,1
987,http://sayurihappy.com/,0,0,0,1,1,1,1,1,0,1
988,http://seidentest.com/,0,0,0,0,1,0,1,1,0,1
989,http://seiyuu-voiceactor.com/,0,0,0,0,0,0,1,1,0,1
990,http://sekai-kawaru.com/,0,0,0,1,1,1,1,1,0,1
991,http://sfgidf.blog.jp/,0,0,0,0,1,0,1,1,0,1
992,http://sharelifestyle.info/,0,0,0,0,1,0,1,1,0,1
993,http://shiawaseninaritai.com/,0,0,0,1,1,0,1,1,0,1
994,http://shigemaru.info/,0,0,0,0,0,0,0,1,0,1
995,http://shikaku105.blog.jp/,0,0,0,0,0,0,1,1,0,1
996,http://shining-days.com/,0,0,0,0,1,0,1,1,0,1
997,http://shirashiru.com/,0,0,0,0,0,0,1,1,0,1
998,http://shounenki.jp/,0,0,0,0,1,1,1,1,0,1
999,http://shufu-run.net/,0,0,0,0,1,0,1,1,0,1
1000,http://shufuwork.com/,0,0,1,1,1,0,0,1,0,1
1001,http://shun-tame.com/,0,0,0,1,1,0,1,1,0,1
1002,http://since2019gossip.com/,0,0,0,0,1,0,1,1,0,1
1003,http://sirohigedan.xyz/,1,0,0,0,0,0,1,1,1,1
1004,http://sk-style.xyz/,1,0,0,0,1,0,1,1,1,1
1005,http://slidemove1.com/,0,0,0,0,1,0,1,1,0,1
1006,http://smasoku.blog.jp/,0,0,0,0,0,0,1,1,0,1
1007,http://smilenarich.com/,0,0,1,0,1,0,1,1,0,1
1008,http://smile-note1211.com/,0,0,0,1,1,0,1,1,0,1
1009,http://sn-jp.com/,0,0,1,0,1,0,1,1,0,1
1010,http://snopommedia.com/,0,0,0,0,1,0,1,1,0,1
1011,http://snsdays.com/,0,0,0,1,1,0,1,1,0,1
1012,http://sorano-mado.com/,0,0,0,0,1,0,1,1,0,1
1013,http://soratoburin.com/,0,0,0,0,1,1,1,1,0,1
1014,http://sparkle2.com/,0,0,0,1,1,0,1,1,0,1
1015,http://spicymadonna.com/,0,0,1,0,1,0,1,1,0,1
1016,http://sports-gate.blog.ss-blog.jp/,0,0,0,0,1,0,0,1,0,1
1017,http://squallchannel.com/,0,0,0,1,0,0,0,1,0,1
1018,http://star-lucky108.com/,0,0,1,0,1,0,1,1,0,1
1019,http://suimin.biz/,0,0,0,0,1,1,1,1,0,1
1020,http://su-ki-da.com/,0,0,0,0,1,0,0,1,0,1
1021,http://suki-kira.com/,0,0,0,0,0,0,0,1,0,1
1022,http://summer-century.com/,0,0,1,0,1,0,1,1,0,1
1023,http://sunshine4424.com/,0,0,0,0,1,0,1,1,0,1
1024,http://suntoranosuke.com/,0,0,0,0,1,1,1,1,0,1
1025,http://sutakorasacchan.com/,0,0,0,0,1,0,1,1,0,1
1026,http://syotiku9910.com/,0,0,0,0,1,0,1,1,0,1
1027,http://syouheinouhau.daa.jp/,0,0,0,0,0,0,0,0,0,1
1028,http://taakkk.com/,0,0,0,0,1,1,1,1,0,1
1029,http://takiro-pj.com/,0,0,0,0,0,0,1,1,0,1
1030,http://takosu6129.fun/,0,0,0,1,1,0,1,1,0,1
1031,http://takuokunndesuyotte.com/,0,0,0,1,1,0,1,1,0,1
1032,http://ta-see.com/,0,0,0,1,1,0,1,1,0,1
1033,http://tatutt47.xsrv.jp/,0,0,0,1,1,0,1,1,0,1
1034,http://tdyt11311131.com/,0,0,0,0,0,0,1,1,0,1
1035,http://thankyoujudy.com/,0,0,0,0,1,0,1,1,0,1
1036,http://thedieiscast4.com/,0,0,0,0,1,0,1,1,0,1
1037,http://the-jet-sleeper.com/,0,0,0,1,1,0,1,1,0,1
1038,http://tktktakunet.com/,0,0,0,1,1,0,1,1,0,1
1039,http://tokiryo.net/,0,0,0,0,0,0,1,1,0,1
1040,http://toko-blog.com/,0,0,0,0,0,0,0,0,0,1
1041,http://tokuneta.info/,0,0,0,0,1,0,1,1,0,1
1042,http://tokutas.com/,0,0,0,0,1,0,1,1,0,1
1043,http://tomatomarigi.com/,0,0,1,1,0,0,1,1,0,1
1044,http://topitane.net/,0,0,0,1,1,0,1,1,0,1
1045,http://torendosokuhou.com/,0,0,0,0,1,0,1,1,0,1
1046,http://toretateblog.com/,0,0,0,0,1,1,1,1,0,1
1047,http://toushichannel.net/,0,0,0,0,1,0,1,1,1,1
1048,http://trend-express.net/,0,0,0,0,1,0,1,1,0,1
1049,http://trend-journal.online/,0,0,0,0,0,0,0,1,0,1
1050,http://trend-music.com/,0,0,0,1,1,0,1,1,0,1
1051,http://trend-passion-life.com/,0,0,0,0,1,0,1,1,0,1
1052,http://trend-rocks.com/,0,0,0,0,1,0,1,1,0,1
1053,http://trendroom5.com/,0,0,1,0,1,0,1,1,0,1
1054,http://trendy15.info/,0,0,0,0,1,0,1,1,0,1
1055,http://trendyossy.com/,0,0,1,0,1,0,0,1,0,1
1056,http://trendytalking.com/,0,0,0,0,1,0,1,1,0,1
1057,http://tsubuchan.blog.jp/,0,0,1,0,0,0,1,1,0,1
1058,http://tsuisoku.com/,0,0,1,1,1,0,0,1,0,1
1059,http://tsuki-review.com/,0,0,0,0,1,1,1,1,0,1
1060,http://tsurumatsu-shoten.com/,0,0,1,1,1,1,1,1,0,1
1061,http://tuberz.net/,0,0,0,0,0,0,1,1,0,1
1062,http://turu36.com/,0,0,0,1,1,0,1,1,0,1
1063,http://tuttataka.com/,0,0,0,1,1,0,1,1,0,1
1064,http://tuuburo001.com/,0,0,0,0,1,0,1,1,0,1
1065,http://twun61.com/,0,0,0,0,1,0,1,1,0,1
1066,http://uberpartner.hatenablog.com/,0,0,0,0,1,0,1,1,0,1
1067,http://ueno-halloween.com/,0,0,1,0,0,0,0,0,0,1
1068,http://uinfavorite.jp/,0,0,0,0,1,0,1,1,0,1
1069,http://u-mindmap.com/,0,0,0,0,1,0,1,1,0,1
1070,http://under-the-veil.jp/,0,0,0,1,1,1,1,1,0,1
1071,http://upu0.info/,0,0,0,1,0,0,1,1,0,1
1072,http://usagi-syufulife.com/,0,0,0,0,1,0,1,1,0,1
1073,http://usj-joho.blog.ss-blog.jp/,0,0,1,0,1,0,1,1,0,1
1074,http://utina-ketumekko.com/,0,0,0,0,1,1,1,1,0,1
1075,http://valor0code.com/,0,0,0,1,0,0,0,1,0,1
1076,http://variety-fan.com/,0,0,0,1,1,0,1,1,0,1
1077,http://vieeeee.com/,0,0,0,0,0,0,0,1,0,1
1078,http://vipperlog.com/,0,0,0,0,0,0,0,1,0,1
1079,http://vod-labo.com/,0,0,0,0,0,0,0,0,1,1
1080,http://vod-memonet.com/,0,0,0,1,1,1,1,1,0,1
1081,http://wadai-journal.com/,0,0,1,1,1,0,0,1,0,1
1082,http://wadai-log.com/,0,0,0,0,0,0,0,1,0,1
1083,http://wadainews365.blog.ss-blog.jp/,0,0,0,1,1,0,1,1,0,1
1084,http://wadainomori.net/,0,0,1,1,1,0,1,1,0,1
1085,http://wadai-pocket.com/,0,0,1,1,1,0,1,1,0,1
1086,http://wagonnavi.click/,0,0,1,0,1,0,0,1,0,1
1087,http://waranote.livedoor.biz/,0,0,0,0,0,0,1,1,0,1
1088,http://web-maket.info/,0,0,0,1,1,0,1,1,0,1
1089,http://wikiwiki.site/,0,0,1,0,1,0,0,1,0,1
1090,http://windy-windy.net/,0,0,0,0,0,0,0,1,0,1
1091,http://world-fusigi.net/,0,0,1,0,1,0,1,1,0,1
1092,http://worldlifelove.com/,0,0,1,0,1,1,1,1,0,1
1093,http://www.123ish.com/,0,0,0,0,0,0,0,1,0,1
1094,http://www.2monkeys.jp/,0,0,0,0,1,0,1,1,0,1
1095,http://www.80s90s-songs.fun/,0,0,0,0,1,0,0,1,0,1
1096,http://www.agronet.jp/,0,0,0,1,0,0,1,1,0,1
1097,http://www.cfp-offset.jp/,0,0,0,1,1,0,1,1,0,1
1098,http://www.cinematoday.jp/,0,0,0,1,0,0,1,1,0,1
1099,http://www.digitalsojourn.org/,0,0,0,1,1,0,1,1,0,1
1100,http://www.gakusei-walker.jp/,0,0,0,0,1,0,1,1,0,1
1101,http://www.geinou-research555.com/,0,0,0,0,1,0,0,1,0,1
1102,http://www.hachi8.me/,0,0,0,0,0,0,0,1,0,1
1103,http://www.hellopyeongchang.com/,0,0,0,0,1,0,1,1,0,1
1104,http://www.hira2.jp/,0,0,0,0,1,0,1,1,0,1
1105,http://www.jikenjiko-hukabori.com/,0,0,0,0,0,0,1,1,0,1
1106,http://www.juxtin.com/,0,0,1,0,0,0,1,1,0,1
1107,http://www.kokusai-singlemama.com/,0,0,0,1,1,1,1,1,0,1
1108,http://www.library-higashiomi-shiga.jp/,0,0,0,0,1,0,1,1,0,1
1109,http://www.mine-3m.com/,0,0,0,0,0,0,0,1,0,1
1110,http://www.money-press.info/,0,0,0,0,0,0,1,1,0,1
1111,http://www.negisoku.com/,0,0,0,0,1,0,1,1,0,1
1112,http://www.news30over.com/,0,0,0,0,1,0,1,1,0,1
1113,http://www.onedrop-cafe.com/,0,0,1,1,1,0,1,1,0,1
1114,http://www.pimmsofficial.com/,0,0,1,1,1,0,1,1,0,1
1115,http://www.planetpixmedia.com/,0,0,0,0,1,1,1,1,0,1
1116,http://www.ruriblue.com/,0,0,0,1,1,1,1,1,0,1
1117,http://www.shogogor.com/,0,0,0,0,1,0,1,1,0,1
1118,http://www.shuchannel.com/,0,0,1,0,1,0,1,1,0,1
1119,http://www.southcarolinaknights.org/,0,0,0,0,1,1,1,1,0,1
1120,http://www.springsummerautumn.com/,0,0,0,1,1,1,1,1,0,1
1121,http://www.takashidesu.work/,0,0,0,0,1,1,1,1,1,1
1122,http://www.uranai3.com/,0,0,0,1,1,0,1,1,0,1
1123,http://www.varietynews.info/,0,0,0,1,1,1,1,1,0,1
1124,http://www.various-events.com/,0,0,0,0,0,0,1,1,0,1
1125,http://www.vipnews.jp/,0,0,0,0,1,0,1,1,0,1
1126,http://www.votelouann.com/,0,0,0,0,1,0,1,1,1,1
1127,http://xn--0ck0bw169avpb.com/,0,0,0,0,1,1,1,1,0,1
1128,http://xn--48j1a3b0i.com/,0,0,0,1,1,1,1,1,0,1
1129,http://xn--4gq072e7scpvq.com/,0,0,0,1,1,0,0,1,0,1
1130,http://xn--djrq2jhuioun4o6b.net/,0,0,0,1,1,0,1,1,0,1
1131,http://xn--eckuclc7zj98mu1h3s3b.com/,0,0,0,0,1,0,1,1,0,1
1132,http://xn--iphone-1n3jv51grl8d.com/,0,0,0,1,0,0,1,1,0,1
1133,http://xn--j9j7hucs457a.com/,0,0,0,0,1,0,1,1,0,1
1134,http://xn--l8j8azdd5nhb8192d3hzcxx2bh8d.com/,0,0,0,1,1,0,1,1,0,1
1135,http://xn--n8jtc6ad0nv19pp9cstj8xjljc.net/,0,0,0,1,1,0,1,1,0,1
1136,http://xn--o9jl183u6icq84g6fc5z4c.com/,0,0,0,0,1,0,1,1,0,1
1137,http://xn--q9jb1h748y.com/,0,0,0,1,1,0,1,1,0,1
1138,http://xn--q9jbi2jo39nwpjyh1b168a5id.com/,0,0,0,0,1,0,1,1,0,1
1139,http://xn--u9j5h1btf1ez99qnszei5c8ws.com/,0,0,0,1,1,0,1,1,0,1
1140,http://xn--u9jy52g9yfhq3asubj08auycx71d.com/,0,0,0,0,1,1,1,1,0,1
1141,http://xn--xyv715c.com/,0,0,0,1,1,0,0,1,0,1
1142,http://xn--zck3adi4kpbxc7d2131c340f.jp/,0,0,1,0,1,0,1,1,0,1
1143,http://xxxyuxxxka.com/,0,0,0,1,1,0,1,1,0,1
1144,http://yachilog.com/,0,0,1,1,1,0,1,1,0,1
1145,http://yakudati365.com/,0,0,0,0,1,0,1,1,0,1
1146,http://yamatemama.com/,0,0,1,0,0,0,0,1,0,1
1147,http://yancane-shukatsu.com/,0,0,0,1,1,1,1,1,0,1
1148,http://yaraon-blog.com/,0,0,0,1,1,0,1,1,0,1
1149,http://yokkoi.com/,0,0,0,1,1,0,1,1,0,1
1150,http://yorozu-do.com/,0,0,0,0,0,0,1,1,0,1
1151,http://yoshiemon-docodemopocket.com/,0,0,0,0,1,0,1,1,0,1
1152,http://youtuber-note.com/,0,0,1,0,1,0,1,1,0,1
1153,http://youtuber-world-v.com/,0,0,0,1,1,0,1,1,0,1
1154,http://youtube-times.com/,0,0,0,0,0,1,1,1,0,1
1155,http://yudainews.com/,0,0,1,1,1,0,1,1,0,1
1156,http://yuitannel.blog.jp/,0,0,0,1,1,0,0,1,0,1
1157,http://yukawanet.com/,0,0,0,0,1,0,0,1,0,1
1158,http://yuki0830.com/,0,0,0,0,0,0,1,1,0,1
1159,http://yukiaffili.com/,0,0,0,1,1,0,1,1,0,1
1160,http://yukirinhappy.com/,0,0,0,1,1,0,1,1,0,1
1161,http://yumeijinhensachi.com/,0,0,0,0,0,0,0,1,0,1
1162,http://yumemiru.click/,0,0,0,1,1,0,1,1,0,1
1163,http://yume-miru-blog.com/,0,0,0,0,1,0,1,1,0,1
1164,http://yumeslushlife.com/,0,0,0,1,1,1,1,1,0,1
1165,http://yumochiblog.com/,0,0,1,1,1,1,1,1,0,1
1166,http://yu-room.com/,0,0,0,0,1,0,1,1,0,1
1167,http://yuruiki.site/,0,0,1,1,1,0,1,1,0,1
1168,http://yutber.blog.jp/,0,0,0,0,1,0,1,1,0,1
1169,http://yuuhime.xyz/,1,0,0,1,1,0,1,1,1,1
1170,http://yuyufirst.com/,0,0,0,0,1,0,1,1,0,1
1171,http://zakeru.com/,0,0,0,1,0,0,1,1,0,1
1172,http://zaki-tore.com/,0,0,0,0,0,0,1,1,0,1
1173,http://zakki-saito.com/,0,0,0,0,1,1,1,1,0,1
1174,http://zaxtukiblog.com/,0,0,0,1,1,0,1,1,0,1
1175,http://ziro83.com/,0,0,0,1,1,0,1,1,0,1
1176,http://zizineta.com/,0,0,0,0,1,0,1,1,0,1
1177,http://zuckyzczc.com/,0,0,0,0,1,0,1,1,0,1
